City_ID,City,Country,Date,Lat,Lng,Current Description,Max Temp,Humidity,Cloudiness,Wind Speed
0,Ushuaia,AR,2022-07-08 02:20:08,-54.8,-68.3,few clouds,29.86,74,20,11.5
1,Hamilton,US,2022-07-08 02:13:32,39.1834,-84.5333,scattered clouds,81.88,72,40,5.75
2,Punta Arenas,CL,2022-07-08 02:20:08,-53.15,-70.9167,clear sky,21.31,100,0,5.75
3,Albany,US,2022-07-08 02:15:15,42.6001,-73.9662,overcast clouds,73.81,77,100,2.59
4,Severo-Kurilsk,RU,2022-07-08 02:20:08,50.6789,156.125,broken clouds,56.52,85,71,8.25
5,Port Elizabeth,ZA,2022-07-08 02:18:25,-33.918,25.5701,clear sky,55.99,88,0,4.76
6,Puerto Ayora,EC,2022-07-08 02:20:09,-0.7393,-90.3518,scattered clouds,71.55,86,26,1.99
7,Morehead,US,2022-07-08 02:15:47,37.2711,-87.1764,clear sky,73.85,99,0,0.0
8,Busselton,AU,2022-07-08 02:20:09,-33.65,115.3333,overcast clouds,61.3,81,87,12.39
9,Buncrana,IE,2022-07-08 02:20:09,55.1333,-7.45,overcast clouds,57.22,88,100,6.87
10,Hobart,AU,2022-07-08 02:13:51,-42.8794,147.3294,broken clouds,51.66,79,75,14.97
11,Kapaa,US,2022-07-08 02:20:10,22.0752,-159.319,overcast clouds,82.38,73,100,17.27
12,Chuy,UY,2022-07-08 02:20:10,-33.6971,-53.4616,clear sky,44.56,63,0,3.22
13,Datong,CN,2022-07-08 02:20:10,40.0936,113.2914,clear sky,79.86,42,4,2.84
14,Iqaluit,CA,2022-07-08 02:20:11,63.7506,-68.5145,broken clouds,41.7,81,75,4.0
15,Angoche,MZ,2022-07-08 02:20:11,-16.2325,39.9086,clear sky,71.67,71,1,8.9
16,Lagoa,PT,2022-07-08 02:20:11,39.05,-27.9833,overcast clouds,65.95,85,92,14.74
17,Akonolinga,CM,2022-07-08 02:20:12,3.7667,12.25,overcast clouds,65.91,100,100,2.71
18,Guerrero Negro,MX,2022-07-08 02:20:13,27.9769,-114.0611,clear sky,69.3,79,0,16.93
19,Tocopilla,CL,2022-07-08 02:17:35,-22.092,-70.1979,broken clouds,61.2,76,59,4.56
20,Te Anau,NZ,2022-07-08 02:17:06,-45.4167,167.7167,moderate rain,38.98,95,100,0.85
21,Atuona,PF,2022-07-08 02:20:13,-9.8,-139.0333,few clouds,77.59,77,17,21.05
22,Mataura,NZ,2022-07-08 02:20:14,-46.1927,168.8643,overcast clouds,50.49,92,100,12.84
23,Caetite,BR,2022-07-08 02:20:14,-14.0694,-42.475,clear sky,62.64,77,2,9.1
24,Rio Grande,BR,2022-07-08 02:20:14,-32.035,-52.0986,broken clouds,52.97,75,81,10.45
25,Sorland,NO,2022-07-08 02:20:15,67.667,12.6934,overcast clouds,49.86,74,100,16.11
26,Cabo San Lucas,MX,2022-07-08 02:15:59,22.8909,-109.9124,clear sky,92.61,51,0,16.11
27,Ilulissat,GL,2022-07-08 02:20:15,69.2167,-51.1,overcast clouds,46.42,81,100,3.44
28,Avarua,CK,2022-07-08 02:20:15,-21.2078,-159.775,broken clouds,73.45,60,80,9.22
29,Tual,ID,2022-07-08 02:20:16,-5.6667,132.75,broken clouds,79.09,78,75,19.95
30,Concepcion,CL,2022-07-08 02:20:16,-36.827,-73.0498,mist,40.8,93,0,2.3
31,Arman,RU,2022-07-08 02:20:16,59.7,150.1667,scattered clouds,77.02,83,48,8.28
32,Kodiak,US,2022-07-08 02:20:16,57.79,-152.4072,moderate rain,53.11,94,100,12.66
33,Port Blair,IN,2022-07-08 02:20:17,11.6667,92.75,overcast clouds,83.5,78,100,12.71
34,Los Llanos De Aridane,ES,2022-07-08 02:18:10,28.6585,-17.9182,few clouds,64.15,94,20,13.8
35,Cidreira,BR,2022-07-08 02:20:17,-30.1811,-50.2056,heavy intensity rain,60.26,92,100,5.39
36,Sitka,US,2022-07-08 02:20:17,57.0531,-135.33,overcast clouds,57.09,82,100,9.22
37,Arraial Do Cabo,BR,2022-07-08 02:20:18,-22.9661,-42.0278,scattered clouds,70.25,87,46,23.38
38,Zhigansk,RU,2022-07-08 02:20:18,66.7697,123.3711,overcast clouds,50.54,76,100,31.56
39,Yellowknife,CA,2022-07-08 02:20:18,62.456,-114.3525,smoke,77.56,29,20,10.0
40,Qaanaaq,GL,2022-07-08 02:15:17,77.484,-69.3632,broken clouds,42.37,73,56,3.06
41,Bandundu,CD,2022-07-08 02:20:19,-3.3167,17.3667,broken clouds,73.04,41,60,3.27
42,Okhotsk,RU,2022-07-08 02:20:19,59.3833,143.3,overcast clouds,57.45,95,100,5.99
43,Ponta Do Sol,PT,2022-07-08 02:20:07,32.6667,-17.1,clear sky,68.0,86,5,3.38
44,Hermanus,ZA,2022-07-08 02:20:20,-34.4187,19.2345,broken clouds,49.8,84,73,7.14
45,Kaitangata,NZ,2022-07-08 02:21:20,-46.2817,169.8464,light rain,47.48,93,100,19.51
46,Vila Franca Do Campo,PT,2022-07-08 02:21:20,37.7167,-25.4333,overcast clouds,66.2,83,100,7.76
47,Samoylovka,RU,2022-07-08 02:21:21,51.184,43.7081,few clouds,63.05,64,16,4.29
48,Bluff,NZ,2022-07-08 02:21:21,-46.6,168.3333,overcast clouds,50.81,88,100,23.87
49,Jamestown,US,2022-07-08 02:21:21,42.097,-79.2353,overcast clouds,65.01,78,100,1.01
50,Cape Town,ZA,2022-07-08 02:20:48,-33.9258,18.4232,few clouds,60.39,88,20,6.91
51,Isangel,VU,2022-07-08 02:20:57,-19.55,169.2667,few clouds,81.97,70,13,6.24
52,Erdenet,MN,2022-07-08 02:21:22,49.0333,104.0833,overcast clouds,61.0,58,87,4.34
53,Mercedes,AR,2022-07-08 02:21:22,-34.6515,-59.4307,clear sky,43.03,30,10,2.73
54,College,US,2022-07-08 02:16:56,64.8569,-147.8028,smoke,83.46,37,20,5.75
55,Talnakh,RU,2022-07-08 02:21:22,69.4865,88.3972,light rain,52.21,60,100,9.57
56,Butaritari,KI,2022-07-08 02:21:23,3.0707,172.7902,light rain,81.81,77,16,14.52
57,Georgetown,MY,2022-07-08 02:20:00,5.4112,100.3354,few clouds,86.9,79,20,1.14
58,Geraldton,AU,2022-07-08 02:21:23,-28.7667,114.6,clear sky,64.81,32,1,6.91
59,Rikitea,PF,2022-07-08 02:19:34,-23.1203,-134.9692,clear sky,74.86,73,4,20.58
60,Victoria,HK,2022-07-08 02:20:53,22.2855,114.1577,scattered clouds,89.65,73,28,10.0
61,Kavieng,PG,2022-07-08 02:21:23,-2.5744,150.7967,moderate rain,81.86,79,99,15.01
62,Port Alfred,ZA,2022-07-08 02:21:24,-33.5906,26.891,clear sky,59.86,73,2,7.83
63,Aden,YE,2022-07-08 02:21:24,12.7794,45.0367,broken clouds,83.44,83,67,4.45
64,Sterling,US,2022-07-08 02:21:24,39.0062,-77.4286,broken clouds,75.49,87,75,3.44
65,Point Pedro,LK,2022-07-08 02:21:25,9.8167,80.2333,broken clouds,83.19,74,72,8.52
66,Lompoc,US,2022-07-08 02:21:25,34.6391,-120.4579,mist,65.84,86,100,9.22
67,New Norfolk,AU,2022-07-08 02:21:25,-42.7826,147.0587,moderate rain,51.93,83,100,4.0
68,Koutiala,ML,2022-07-08 02:21:26,12.3917,-5.4642,scattered clouds,82.76,60,44,7.7
69,East London,ZA,2022-07-08 02:18:17,-33.0153,27.9116,clear sky,59.36,63,3,5.59
70,Port Hedland,AU,2022-07-08 02:21:26,-20.3167,118.5667,clear sky,75.25,11,0,19.57
71,Antofagasta,CL,2022-07-08 02:21:26,-23.65,-70.4,scattered clouds,56.48,85,34,3.0
72,Vaini,TO,2022-07-08 02:21:26,-21.2,-175.2,scattered clouds,75.36,69,40,10.36
73,Nyurba,RU,2022-07-08 02:21:27,63.2842,118.3319,clear sky,66.15,44,0,11.86
74,Ordynskoye,RU,2022-07-08 02:21:20,54.3656,81.8994,scattered clouds,63.77,79,42,7.27
75,Dikson,RU,2022-07-08 02:17:07,73.5069,80.5464,overcast clouds,34.57,99,100,12.71
76,Touros,BR,2022-07-08 02:14:16,-5.1989,-35.4608,overcast clouds,74.07,91,90,10.74
77,Harper,LR,2022-07-08 02:21:27,4.375,-7.7169,overcast clouds,75.76,81,100,8.66
78,Bethel,US,2022-07-08 02:18:29,41.3712,-73.414,clear sky,70.65,82,0,3.44
79,Rawson,AR,2022-07-08 02:21:28,-43.3002,-65.1023,broken clouds,44.13,49,72,9.89
80,Beziers,FR,2022-07-08 02:21:28,43.3476,3.219,clear sky,71.89,49,0,14.97
81,Lavrentiya,RU,2022-07-08 02:18:17,65.5833,-171.0,overcast clouds,47.91,81,100,4.07
82,Carnarvon,AU,2022-07-08 02:21:29,-24.8667,113.6333,clear sky,68.34,23,0,10.92
83,Esperance,AU,2022-07-08 02:21:29,-33.8667,121.9,clear sky,59.49,65,6,16.15
84,Meulaboh,ID,2022-07-08 02:21:30,4.1363,96.1285,few clouds,79.18,84,20,3.65
85,Erenhot,CN,2022-07-08 02:21:30,43.6475,111.9767,scattered clouds,73.27,32,34,20.94
86,Shimoda,JP,2022-07-08 02:21:30,34.6667,138.95,scattered clouds,80.96,76,48,2.44
87,La Libertad,EC,2022-07-08 02:22:31,-2.2333,-80.9,overcast clouds,69.46,88,100,10.36
88,Bredasdorp,ZA,2022-07-08 02:17:15,-34.5322,20.0403,few clouds,48.74,93,17,3.89
89,Tsabong,BW,2022-07-08 02:22:31,-26.0217,22.401,clear sky,54.68,30,0,7.81
90,Torbay,CA,2022-07-08 02:22:31,47.6666,-52.7314,light rain,55.58,89,100,16.11
91,Paita,PE,2022-07-08 02:22:32,-5.0892,-81.1144,clear sky,63.54,85,6,11.86
92,Itarema,BR,2022-07-08 02:22:32,-2.9248,-39.9167,overcast clouds,75.65,86,100,11.36
93,Prata,BR,2022-07-08 02:22:32,-19.3072,-48.9242,clear sky,64.85,51,0,4.81
94,Siverek,TR,2022-07-08 02:22:33,37.755,39.3167,clear sky,79.21,33,10,3.49
95,Parvatipuram,IN,2022-07-08 02:22:33,18.7833,83.4333,overcast clouds,82.78,78,100,3.18
96,Longyearbyen,SJ,2022-07-08 02:17:03,78.2186,15.6401,broken clouds,46.24,66,75,13.8
97,Manokwari,ID,2022-07-08 02:22:33,-0.8667,134.0833,overcast clouds,80.98,80,100,6.06
98,Hithadhoo,MV,2022-07-08 02:22:34,-0.6,73.0833,overcast clouds,81.64,76,100,4.43
99,Porto Santo,PT,2022-07-08 02:22:34,33.072,-16.3415,broken clouds,66.58,82,75,9.22
100,Keti Bandar,PK,2022-07-08 02:22:34,24.1447,67.4497,overcast clouds,83.41,80,100,4.29
101,Dossor,KZ,2022-07-08 02:22:35,47.5272,52.9811,clear sky,74.82,42,0,5.79
102,Daru,PG,2022-07-08 02:22:35,-9.0763,143.2092,overcast clouds,79.52,88,100,13.78
103,Kerema,PG,2022-07-08 02:22:35,-7.9631,145.7785,scattered clouds,84.0,72,40,8.5
104,Kihei,US,2022-07-08 02:22:35,20.785,-156.4656,scattered clouds,86.02,70,40,20.71
105,Siwan,IN,2022-07-08 02:22:36,26.2167,84.3667,scattered clouds,92.89,52,27,9.6
106,Noumea,NC,2022-07-08 02:19:38,-22.2763,166.4572,clear sky,87.78,99,5,6.46
107,Marawi,PH,2022-07-08 02:22:36,7.9986,124.2928,overcast clouds,78.91,70,90,4.92
108,Padang,ID,2022-07-08 02:22:37,-0.9492,100.3543,overcast clouds,80.65,72,99,0.96
109,Castro,BR,2022-07-08 02:17:09,-24.7911,-50.0119,overcast clouds,55.99,77,91,1.86
110,Nikolskoye,RU,2022-07-08 02:22:37,59.7035,30.7861,few clouds,58.91,92,23,4.65
111,Zholymbet,KZ,2022-07-08 02:22:38,51.7433,71.7122,light rain,64.18,69,86,12.19
112,North Platte,US,2022-07-08 02:17:52,41.1239,-100.7654,clear sky,78.69,75,0,8.01
113,Dunedin,NZ,2022-07-08 02:22:39,-45.8742,170.5036,moderate rain,46.8,92,100,21.99
114,Port Lincoln,AU,2022-07-08 02:22:39,-34.7333,135.8667,overcast clouds,56.95,61,92,14.52
115,Khatanga,RU,2022-07-08 02:22:39,71.9667,102.5,overcast clouds,52.27,36,100,10.69
116,Iwaki,JP,2022-07-08 02:22:40,37.05,140.8833,broken clouds,83.01,68,65,7.0
117,Coquimbo,CL,2022-07-08 02:22:40,-29.9533,-71.3436,broken clouds,55.13,82,75,6.91
118,Ribeira Grande,PT,2022-07-08 02:22:40,38.5167,-28.7,broken clouds,67.39,80,62,14.25
119,Vestmannaeyjar,IS,2022-07-08 02:22:41,63.4427,-20.2734,overcast clouds,50.02,87,100,23.33
120,Thompson,CA,2022-07-08 02:22:41,55.7435,-97.8558,scattered clouds,75.36,38,40,2.3
121,Tabuk,PH,2022-07-08 02:22:42,17.4189,121.4443,broken clouds,81.41,80,68,6.17
122,Upata,VE,2022-07-08 02:22:42,8.0086,-62.3989,scattered clouds,74.19,95,40,5.03
123,Goroka,PG,2022-07-08 02:22:43,-6.0834,145.3873,broken clouds,77.92,46,72,2.75
124,Kieta,PG,2022-07-08 02:22:43,-6.2167,155.6333,light rain,84.61,66,100,5.64
125,Hilo,US,2022-07-08 02:14:15,19.7297,-155.09,few clouds,90.28,74,20,9.22
126,Porto Seguro,BR,2022-07-08 02:22:43,-16.4497,-39.0647,broken clouds,70.32,94,75,5.75
127,Saldanha,ZA,2022-07-08 02:18:27,-33.0117,17.9442,overcast clouds,46.45,92,100,5.61
128,Lubango,AO,2022-07-08 02:22:44,-14.9172,13.4925,clear sky,55.51,47,1,3.56
129,Tuktoyaktuk,CA,2022-07-08 02:22:44,69.4541,-133.0374,broken clouds,75.2,60,75,12.66
130,Taltal,CL,2022-07-08 02:22:44,-25.4,-70.4833,broken clouds,62.06,62,67,2.77
131,Bengkulu,ID,2022-07-08 02:22:45,-3.8004,102.2655,broken clouds,80.4,79,59,1.68
132,Kahului,US,2022-07-08 02:17:30,20.8947,-156.47,scattered clouds,86.02,66,40,20.71
133,Inirida,CO,2022-07-08 02:23:45,3.8653,-67.9239,broken clouds,73.6,97,51,0.6
134,Slavgorod,RU,2022-07-08 02:23:45,52.9978,78.6449,overcast clouds,68.99,67,85,14.18
135,Upernavik,GL,2022-07-08 02:17:09,72.7868,-56.1549,few clouds,39.94,92,23,8.99
136,San Lawrenz,MT,2022-07-08 02:23:46,36.0553,14.204,scattered clouds,78.85,89,49,1.99
137,Tasiilaq,GL,2022-07-08 02:23:46,65.6145,-37.6368,overcast clouds,41.16,92,86,5.61
138,Bagdarin,RU,2022-07-08 02:23:46,54.4333,113.6,overcast clouds,66.96,44,99,5.93
139,Mount Gambier,AU,2022-07-08 02:23:46,-37.8333,140.7667,overcast clouds,51.78,85,96,11.77
140,Agirish,RU,2022-07-08 02:23:47,61.9247,63.0231,broken clouds,71.2,61,66,4.79
141,Aykhal,RU,2022-07-08 02:23:47,66.0,111.5,broken clouds,56.16,69,62,14.23
142,Bud,US,2022-07-08 02:23:47,39.447,-86.1758,scattered clouds,78.78,96,42,4.18
143,Ust-Maya,RU,2022-07-08 02:23:48,60.4167,134.5333,broken clouds,69.21,51,62,17.72
144,Sambava,MG,2022-07-08 02:23:48,-14.2667,50.1667,broken clouds,70.72,71,77,15.05
145,Muhororo,UG,2022-07-08 02:23:48,0.9381,30.7594,light rain,62.06,72,20,0.92
146,Simao,CN,2022-07-08 02:23:48,22.7886,100.9748,scattered clouds,77.18,65,42,1.54
147,Mahibadhoo,MV,2022-07-08 02:18:26,3.7833,72.9667,overcast clouds,82.8,77,100,11.65
148,Port Said,EG,2022-07-08 02:23:49,31.2565,32.2841,clear sky,77.04,73,0,9.13
149,Husavik,IS,2022-07-08 02:18:23,66.0449,-17.3389,overcast clouds,47.61,95,100,8.9
150,Kalianget,ID,2022-07-08 02:23:49,-7.05,113.9333,few clouds,80.01,68,23,10.27
151,Monrovia,LR,2022-07-08 02:23:49,6.3005,-10.7969,light rain,76.77,82,50,9.84
152,Syumsi,RU,2022-07-08 02:23:50,57.1111,51.6149,scattered clouds,64.72,93,49,3.49
153,Sal Rei,CV,2022-07-08 02:23:50,16.1833,-22.9167,broken clouds,73.74,84,65,14.9
154,Broome,US,2022-07-08 02:23:50,42.2506,-75.833,overcast clouds,73.78,78,100,1.99
155,Leningradskiy,RU,2022-07-08 02:23:51,69.3833,178.4167,overcast clouds,44.51,74,99,16.02
156,Buayan,PH,2022-07-08 02:23:52,6.1164,125.2347,broken clouds,84.06,78,75,8.05
157,Gornopravdinsk,RU,2022-07-08 02:22:09,60.05,69.9,clear sky,66.99,59,0,2.33
158,Saint Andrews,US,2022-07-08 02:23:52,34.0454,-81.1293,mist,77.32,80,75,8.05
159,Toamasina,MG,2022-07-08 02:23:52,-18.1667,49.3833,broken clouds,66.2,94,75,4.61
160,Port Shepstone,ZA,2022-07-08 02:18:16,-30.7414,30.455,clear sky,60.62,77,0,7.45
161,High Level,CA,2022-07-08 02:23:53,58.5169,-117.136,broken clouds,73.51,56,75,9.22
162,Antalaha,MG,2022-07-08 02:23:53,-14.9003,50.2788,broken clouds,68.18,76,74,9.35
163,Basco,PH,2022-07-08 02:23:53,20.4487,121.9702,overcast clouds,84.51,78,100,15.37
164,Altamont,US,2022-07-08 02:23:53,42.2068,-121.7372,scattered clouds,79.77,38,40,10.36
165,Batagay-Alyta,RU,2022-07-08 02:23:54,67.8006,130.4114,light rain,42.31,87,100,13.62
166,Tiarei,PF,2022-07-08 02:23:54,-17.5333,-149.3333,light rain,82.42,72,4,4.56
167,Salmon Creek,US,2022-07-08 02:20:07,45.7107,-122.649,clear sky,78.31,63,0,9.22
168,Fuyu,CN,2022-07-08 02:23:54,45.1833,124.8167,scattered clouds,84.76,54,41,9.35
169,Ust-Tsilma,RU,2022-07-08 02:19:16,65.441,52.1498,overcast clouds,71.37,57,100,9.33
170,Riyadh,SA,2022-07-08 02:22:58,24.6877,46.7219,overcast clouds,91.54,11,100,10.49
171,Vao,NC,2022-07-08 02:18:18,-22.6667,167.4833,clear sky,74.64,89,0,11.34
172,Bubaque,GW,2022-07-08 02:23:55,11.2833,-15.8333,light rain,80.11,83,82,12.1
173,Canto Do Buriti,BR,2022-07-08 02:23:55,-8.11,-42.9444,scattered clouds,71.89,67,45,4.43
174,Vostok,RU,2022-07-08 02:18:19,46.4856,135.8833,overcast clouds,81.91,47,100,6.38
175,Semporna,MY,2022-07-08 02:23:56,4.4818,118.6112,moderate rain,82.42,77,100,8.7
176,Luderitz,NA,2022-07-08 02:23:56,-26.6481,15.1594,clear sky,59.45,47,0,6.58
177,Aguimes,ES,2022-07-08 02:23:56,27.9054,-15.4461,few clouds,66.83,78,20,31.07
178,Majene,ID,2022-07-08 02:23:56,-3.5403,118.9707,scattered clouds,81.88,76,49,7.23
179,Lebu,CL,2022-07-08 02:14:16,-37.6167,-73.65,few clouds,45.66,83,16,4.54
180,Awjilah,LY,2022-07-08 02:23:57,29.1081,21.2869,clear sky,81.61,37,0,9.13
181,Svetlaya,RU,2022-07-08 02:24:57,46.5389,138.3297,overcast clouds,69.46,81,100,14.38
182,Mar Del Plata,AR,2022-07-08 02:24:12,-38.0023,-57.5575,clear sky,42.87,52,0,10.36
183,Krasnyy Profintern,RU,2022-07-08 02:24:57,57.7446,40.435,overcast clouds,62.62,96,96,7.34
184,Airai,TL,2022-07-08 02:24:58,-8.9266,125.4092,broken clouds,64.06,78,78,3.15
185,Ngerengere,TZ,2022-07-08 02:24:58,-6.75,38.1167,light rain,64.36,96,34,3.76
186,Erzin,TR,2022-07-08 02:24:59,36.9559,36.2,scattered clouds,73.27,88,44,0.67
187,Tura,IN,2022-07-08 02:24:59,25.5198,90.2201,light rain,79.47,90,99,6.4
188,Lata,PT,2022-07-08 02:25:00,40.1629,-8.3327,clear sky,65.07,31,0,4.5
189,Tilichiki,RU,2022-07-08 02:25:00,60.4667,166.1,overcast clouds,56.08,90,100,3.33
190,Homer,US,2022-07-08 02:25:00,59.6425,-151.5483,scattered clouds,60.69,65,40,4.61
191,Northam,GB,2022-07-08 02:25:00,51.0333,-4.2167,clear sky,59.4,93,3,1.01
192,Zhezkazgan,KZ,2022-07-08 02:25:01,47.8043,67.7144,scattered clouds,64.38,68,40,8.95
193,Cherskiy,RU,2022-07-08 02:25:01,68.75,161.3,overcast clouds,62.37,58,100,6.6
194,Lasa,IT,2022-07-08 02:25:01,46.6166,10.7002,scattered clouds,55.36,94,34,7.72
195,Kulhudhuffushi,MV,2022-07-08 02:17:09,6.6221,73.07,broken clouds,81.88,82,72,18.77
196,Henties Bay,NA,2022-07-08 02:25:02,-22.116,14.2845,clear sky,57.6,78,0,0.58
197,Khanu Woralaksaburi,TH,2022-07-08 02:25:02,16.0617,99.8606,overcast clouds,84.15,73,92,4.47
198,Yulara,AU,2022-07-08 02:25:02,-25.2406,130.9889,clear sky,54.52,52,0,13.62
199,Alofi,NU,2022-07-08 02:25:03,-19.0595,-169.9187,broken clouds,78.69,69,75,17.27
200,Khed,IN,2022-07-08 02:25:03,17.7167,73.3833,moderate rain,77.47,92,100,8.63
201,Salalah,OM,2022-07-08 02:17:07,17.0151,54.0924,light intensity drizzle,77.09,100,100,9.22
202,San Patricio,US,2022-07-08 02:25:03,28.017,-97.5169,clear sky,86.09,74,2,14.54
203,Port Hardy,CA,2022-07-08 02:15:52,50.6996,-127.4199,light intensity shower rain,57.38,94,100,6.91
204,Kitimat,CA,2022-07-08 02:25:04,54.0524,-128.6534,overcast clouds,63.91,56,93,4.52
205,Pokosnoye,RU,2022-07-08 02:25:05,55.5258,101.0536,overcast clouds,60.85,83,100,9.28
206,Berdigestyakh,RU,2022-07-08 02:25:05,62.0989,126.6992,light rain,55.29,90,99,18.14
207,Kimbe,PG,2022-07-08 02:25:06,-5.5502,150.1429,overcast clouds,91.31,50,91,4.09
208,Bollnas,SE,2022-07-08 02:25:06,61.3482,16.3946,scattered clouds,46.96,85,50,4.27
209,Adolfo Lopez Mateos,MX,2022-07-08 02:25:06,28.4667,-107.3,broken clouds,64.92,66,60,10.42
210,The Valley,AI,2022-07-08 02:25:07,18.217,-63.0578,clear sky,82.09,77,1,22.46
211,Sao Francisco,BR,2022-07-08 02:25:07,-15.9486,-44.8644,clear sky,66.9,47,0,2.53
212,Pirapozinho,BR,2022-07-08 02:25:07,-22.2753,-51.5,clear sky,71.08,43,0,6.91
213,Liwale,TZ,2022-07-08 02:25:08,-9.7667,37.9333,clear sky,57.87,93,3,4.47
214,Saint-Philippe,RE,2022-07-08 02:18:16,-21.3585,55.7679,light rain,65.79,79,48,17.83
215,Brookhaven,US,2022-07-08 02:25:09,31.5791,-90.4407,scattered clouds,82.06,78,39,3.44
216,Katsuura,JP,2022-07-08 02:17:04,35.1333,140.3,overcast clouds,80.62,66,100,18.07
217,Kant,IN,2022-07-08 02:25:09,27.8,79.8,scattered clouds,94.05,45,27,9.44
218,Oktyabrskoye,RU,2022-07-08 02:25:09,43.0645,44.7417,clear sky,55.54,94,0,2.24
219,Visby,SE,2022-07-08 02:25:10,57.6409,18.296,overcast clouds,61.02,82,100,16.11
220,Hambantota,LK,2022-07-08 02:25:10,6.1241,81.1185,few clouds,80.94,83,20,2.3
221,Cabedelo,BR,2022-07-08 02:25:10,-6.9811,-34.8339,moderate rain,74.07,89,24,11.41
222,Klaksvik,FO,2022-07-08 02:24:27,62.2266,-6.589,overcast clouds,50.92,84,100,30.71
223,Nara,JP,2022-07-08 02:25:11,34.6851,135.8049,overcast clouds,85.5,49,100,4.16
224,Bad Segeberg,DE,2022-07-08 02:25:11,53.9333,10.3167,clear sky,56.86,92,0,9.13
225,Souillac,MU,2022-07-08 02:26:11,-20.5167,57.5167,broken clouds,70.18,73,75,16.11
226,Porto Novo,BJ,2022-07-08 02:26:12,6.4965,2.6036,light rain,78.62,89,100,7.83
227,Minggang,CN,2022-07-08 02:26:12,32.4586,114.0486,clear sky,87.1,70,3,11.92
228,Katobu,ID,2022-07-08 02:26:12,-4.9408,122.5276,few clouds,80.1,83,20,2.44
229,Tuatapere,NZ,2022-07-08 02:16:54,-46.1333,167.6833,overcast clouds,45.03,90,100,5.73
230,Barrow,US,2022-07-08 02:17:08,71.2906,-156.7887,overcast clouds,44.62,81,100,5.75
231,Nuevo Progreso,MX,2022-07-08 02:26:13,23.1667,-97.95,overcast clouds,83.53,63,89,1.99
232,Mayumba,GA,2022-07-08 02:26:13,-3.432,10.6554,broken clouds,69.62,94,70,3.02
233,Laguna,US,2022-07-08 02:25:39,38.421,-121.4238,clear sky,90.75,38,0,11.5
234,Tibanban,PH,2022-07-08 02:26:13,6.6295,126.0789,light rain,80.65,80,100,3.22
235,Mandiana,GN,2022-07-08 02:26:14,10.6333,-8.6833,few clouds,74.05,87,24,5.01
236,Walvis Bay,NA,2022-07-08 02:26:14,-22.9575,14.5053,clear sky,56.35,54,0,2.3
237,Jhalida,IN,2022-07-08 02:26:14,23.3667,85.9667,overcast clouds,83.44,73,96,7.54
238,Margate,GB,2022-07-08 02:26:15,51.3813,1.3862,clear sky,55.31,88,8,6.22
239,Kokopo,PG,2022-07-08 02:26:15,-4.352,152.2633,scattered clouds,85.71,61,45,10.87
240,Hastings,GB,2022-07-08 02:26:15,50.8552,0.5729,clear sky,57.78,95,1,1.99
241,Bathsheba,BB,2022-07-08 02:26:15,13.2167,-59.5167,scattered clouds,83.01,85,40,25.32
242,Poronaysk,RU,2022-07-08 02:26:16,49.2167,143.1167,overcast clouds,73.18,71,100,9.53
243,Hami,CN,2022-07-08 02:26:16,42.8,93.45,overcast clouds,85.77,14,91,0.92
244,Vannes,FR,2022-07-08 02:26:16,47.8333,-2.5,clear sky,57.81,95,9,8.79
245,Provideniya,RU,2022-07-08 02:18:29,64.3833,-173.3,overcast clouds,51.91,87,100,8.99
246,Tezu,IN,2022-07-08 02:26:17,27.9167,96.1667,broken clouds,82.36,85,67,1.19
247,Faanui,PF,2022-07-08 02:18:17,-16.4833,-151.75,clear sky,78.64,68,3,4.12
248,Abu Samrah,SY,2022-07-08 02:26:17,35.3029,37.1841,clear sky,71.49,59,0,7.87
249,Freeport,US,2022-07-08 02:25:16,40.6576,-73.5832,clear sky,72.99,75,0,5.75
250,Boyle,US,2022-07-08 02:26:18,37.6334,-84.8666,clear sky,75.22,100,0,3.44
251,Port-Gentil,GA,2022-07-08 02:26:18,-0.7193,8.7815,overcast clouds,72.9,85,85,12.82
252,Port Augusta,AU,2022-07-08 02:18:20,-32.5,137.7667,overcast clouds,57.9,49,100,14.2
253,Portage,US,2022-07-08 02:26:18,41.1667,-81.1998,clear sky,70.11,82,0,0.0
254,Ust-Kuyga,RU,2022-07-08 02:26:19,70.0167,135.6,light rain,47.28,78,100,20.89
255,Norman Wells,CA,2022-07-08 02:26:19,65.282,-126.8329,smoke,87.84,29,40,11.5
256,Eureka,US,2022-07-08 02:23:53,40.8021,-124.1637,few clouds,67.19,77,23,4.0
257,Pirovskoye,RU,2022-07-08 02:26:20,57.6267,92.2658,broken clouds,65.8,65,52,4.18
258,Orocue,CO,2022-07-08 02:26:21,4.7912,-71.3354,broken clouds,74.84,91,71,3.74
259,Constitucion,CL,2022-07-08 02:26:21,-35.3333,-72.4167,clear sky,47.12,82,0,5.46
260,Ahuimanu,US,2022-07-08 02:26:21,21.4447,-157.8378,shower rain,83.91,75,75,16.11
261,Avera,US,2022-07-08 02:26:21,33.194,-82.5271,overcast clouds,78.85,87,100,6.51
262,Savannah Bight,HN,2022-07-08 02:26:22,16.45,-85.85,clear sky,82.13,78,3,14.83
263,Clyde River,CA,2022-07-08 02:26:22,70.4692,-68.5914,overcast clouds,34.03,100,100,6.91
264,Dibulla,CO,2022-07-08 02:26:22,11.2725,-73.3091,overcast clouds,79.27,84,97,12.86
265,Vylkove,UA,2022-07-08 02:26:23,45.4021,29.586,clear sky,64.63,82,10,12.46
266,Sao Filipe,CV,2022-07-08 02:26:23,14.8961,-24.4956,few clouds,73.83,83,22,8.3
267,Koslan,RU,2022-07-08 02:26:23,63.4564,48.8989,overcast clouds,67.06,90,99,8.34
268,Yar-Sale,RU,2022-07-08 02:14:24,66.8333,70.8333,overcast clouds,68.68,67,100,8.68
269,Karratha,AU,2022-07-08 02:24:45,-20.7377,116.8463,clear sky,68.61,17,0,17.9
270,Adrar,MR,2022-07-08 02:27:24,20.5022,-10.0711,clear sky,93.33,25,2,9.48
271,Teberda,RU,2022-07-08 02:27:24,43.4456,41.7448,clear sky,54.12,79,0,4.99
272,Antsohihy,MG,2022-07-08 02:27:24,-14.8796,47.9875,few clouds,68.99,60,15,8.66
273,Nouadhibou,MR,2022-07-08 02:27:25,20.931,-17.0347,few clouds,69.78,83,19,17.27
274,Jiaonan,CN,2022-07-08 02:27:25,35.8786,119.9753,clear sky,85.35,62,0,5.23
275,Kedrovyy,RU,2022-07-08 02:27:25,56.1667,91.8167,few clouds,66.87,73,20,5.19
276,Hasaki,JP,2022-07-08 02:18:26,35.7333,140.8333,moderate rain,81.28,78,96,24.11
277,Bambous Virieux,MU,2022-07-08 02:25:09,-20.3428,57.7575,broken clouds,70.05,73,75,16.11
278,Dakar,SN,2022-07-08 02:23:37,14.6937,-17.4441,scattered clouds,79.68,83,33,13.18
279,Novi Troyany,UA,2022-07-08 02:27:26,45.9427,28.8563,few clouds,61.3,76,12,13.0
280,Shingu,JP,2022-07-08 02:27:26,33.7333,135.9833,overcast clouds,79.93,81,100,5.82
281,Lakatoro,VU,2022-07-08 02:27:26,-16.0999,167.4164,overcast clouds,82.11,76,99,8.93
282,Grindavik,IS,2022-07-08 02:27:27,63.8424,-22.4338,overcast clouds,48.67,100,100,20.71
283,Ponta Delgada,PT,2022-07-08 02:27:28,37.7333,-25.6667,light intensity shower rain,66.51,88,75,4.61
284,Codrington,AU,2022-07-08 02:27:28,-38.2667,141.9667,few clouds,54.86,70,16,18.99
285,Gangarampur,IN,2022-07-08 02:27:28,25.4,88.5167,overcast clouds,87.06,69,100,9.33
286,Paamiut,GL,2022-07-08 02:27:28,61.994,-49.6678,clear sky,42.55,90,9,5.97
287,Ambulu,ID,2022-07-08 02:27:29,-8.345,113.6058,scattered clouds,78.08,67,37,6.44
288,Anadyr,RU,2022-07-08 02:25:15,64.75,177.4833,clear sky,59.5,55,0,15.66
289,Sorong,ID,2022-07-08 02:26:25,-0.8833,131.25,broken clouds,83.71,73,56,10.65
290,Cap Malheureux,MU,2022-07-08 02:27:29,-19.9842,57.6142,broken clouds,67.46,77,65,7.0
291,Dingle,PH,2022-07-08 02:27:30,10.9995,122.6711,overcast clouds,83.01,81,100,6.82
292,Saint-Pierre,RE,2022-07-08 02:27:30,-21.3393,55.4781,overcast clouds,66.9,64,100,6.91
293,Pisco,PE,2022-07-08 02:24:51,-13.7,-76.2167,mist,61.02,88,100,3.44
294,La Rochelle,FR,2022-07-08 02:27:31,46.1667,-1.15,clear sky,64.87,77,0,9.22
295,Mangan,IN,2022-07-08 02:27:31,27.5167,88.5333,few clouds,81.66,85,19,3.06
296,Raga,SS,2022-07-08 02:27:31,8.4596,25.678,light rain,70.07,95,100,2.86
297,Faya,SA,2022-07-08 02:27:32,18.3851,42.4509,overcast clouds,71.71,38,100,2.19
298,Sao Joao Da Barra,BR,2022-07-08 02:27:32,-21.6403,-41.0511,clear sky,71.35,84,3,14.5
299,Kloulklubed,PW,2022-07-08 02:27:32,7.0419,134.2556,overcast clouds,81.1,92,100,2.35
300,Muros,ES,2022-07-08 02:27:33,42.7762,-9.0603,clear sky,66.83,75,0,10.78
301,Umm Lajj,SA,2022-07-08 02:27:33,25.0213,37.2685,clear sky,82.92,46,9,7.2
302,Saint Anthony,US,2022-07-08 02:26:14,45.0205,-93.218,clear sky,80.89,78,0,4.61
303,Cleburne,US,2022-07-08 02:24:05,32.3476,-97.3867,clear sky,95.52,41,0,6.91
304,Harlingen,US,2022-07-08 02:25:44,26.1906,-97.6961,clear sky,86.09,81,0,13.8
305,Marsh Harbour,BS,2022-07-08 02:27:33,26.5412,-77.0636,clear sky,82.0,76,9,14.43
306,Roald,NO,2022-07-08 02:27:34,62.5833,6.1333,broken clouds,54.34,94,75,19.57
307,Canning,IN,2022-07-08 02:27:34,22.3189,88.6714,broken clouds,86.02,75,77,11.72
308,Mehamn,NO,2022-07-08 02:27:34,71.0357,27.8492,broken clouds,53.55,87,75,0.0
309,Panambi,BR,2022-07-08 02:27:34,-28.2925,-53.5017,overcast clouds,58.48,93,86,8.99
310,Maniitsoq,GL,2022-07-08 02:27:35,65.4167,-52.9,overcast clouds,42.17,92,100,2.93
311,Saint George,US,2022-07-08 02:27:25,37.1041,-113.5841,clear sky,99.19,9,0,13.8
312,Lafia,NG,2022-07-08 02:27:36,8.4833,8.5167,light rain,74.64,91,100,3.65
313,Cavalcante,BR,2022-07-08 02:27:36,-13.7975,-47.4583,clear sky,66.33,56,0,4.34
314,Werda,BW,2022-07-08 02:27:36,-25.2667,23.2833,clear sky,52.84,28,0,6.17
315,Napier,NZ,2022-07-08 02:22:48,-39.4833,176.9167,overcast clouds,58.28,89,100,1.01
316,Contai,IN,2022-07-08 02:28:37,21.7786,87.7536,broken clouds,86.61,73,83,10.6
317,Puteyets,RU,2022-07-08 02:28:37,65.1716,57.091,overcast clouds,68.94,57,100,5.75
318,Mayor Pablo Lagerenza,PY,2022-07-08 02:28:37,-19.9309,-60.7718,overcast clouds,77.27,59,91,9.53
319,Ketchikan,US,2022-07-08 02:28:38,55.3422,-131.6461,light rain,57.67,94,100,9.22
320,Visnes,NO,2022-07-08 02:28:38,59.3556,5.2242,broken clouds,55.45,88,75,19.57
321,Tirat Karmel,IL,2022-07-08 02:28:38,32.7617,34.9719,clear sky,70.59,89,0,3.85
322,Nome,US,2022-07-08 02:28:38,64.5011,-165.4064,overcast clouds,59.16,88,100,6.91
323,Ambon,ID,2022-07-08 02:28:39,-3.6954,128.1814,moderate rain,77.23,15,75,6.91
324,Saskylakh,RU,2022-07-08 02:28:39,71.9167,114.0833,few clouds,51.35,47,15,13.53
325,Poso,ID,2022-07-08 02:28:39,-1.3959,120.7524,overcast clouds,82.08,73,100,1.34
326,Hay River,CA,2022-07-08 02:28:40,60.8156,-115.7999,smoke,73.38,43,75,10.36
327,Paramirim,BR,2022-07-08 02:28:40,-13.4425,-42.2389,clear sky,65.16,74,0,4.56
328,Nhulunbuy,AU,2022-07-08 02:28:40,-12.2333,136.7667,scattered clouds,77.61,61,40,18.41
329,Mahebourg,MU,2022-07-08 02:28:40,-20.4081,57.7,broken clouds,70.09,73,75,16.11
330,Ahipara,NZ,2022-07-08 02:28:41,-35.1667,173.1667,overcast clouds,63.66,98,100,15.7
331,Novobiryusinskiy,RU,2022-07-08 02:28:41,56.9578,97.7076,light rain,65.61,75,69,4.54
332,Dukat,RU,2022-07-08 02:28:41,62.55,155.55,overcast clouds,83.91,26,99,25.72
333,Port Macquarie,AU,2022-07-08 02:28:42,-31.4333,152.9167,clear sky,60.89,44,0,6.13
334,Abadiania,BR,2022-07-08 02:24:41,-16.2042,-48.7069,clear sky,67.12,64,0,3.18
335,Aswan,EG,2022-07-08 02:28:42,24.0934,32.907,overcast clouds,84.49,19,98,10.16
336,Benghazi,LY,2022-07-08 02:28:39,32.1167,20.0667,clear sky,79.97,77,0,10.22
337,Chunhuhub,MX,2022-07-08 02:28:42,19.55,-88.6833,few clouds,78.37,76,18,4.36
338,Enid,US,2022-07-08 02:27:19,36.3956,-97.8784,clear sky,94.01,41,0,10.36
339,La Ronge,CA,2022-07-08 02:28:43,55.1001,-105.2842,few clouds,75.45,29,20,6.91
340,King City,US,2022-07-08 02:28:43,36.2127,-121.126,clear sky,84.92,35,2,13.42
341,Yumen,CN,2022-07-08 02:28:43,40.2833,97.2,broken clouds,79.0,12,60,17.65
342,Hasilpur,PK,2022-07-08 02:28:43,29.7122,72.5553,broken clouds,96.94,42,55,7.11
343,Kekri,IN,2022-07-08 02:26:53,25.9667,75.15,few clouds,87.87,62,24,3.62
344,Garwolin,PL,2022-07-08 02:28:44,51.8975,21.6147,overcast clouds,57.87,89,100,2.53
345,Uberaba,BR,2022-07-08 02:28:44,-19.7483,-47.9319,clear sky,70.38,49,0,3.44
346,Nishihara,JP,2022-07-08 02:28:45,26.1842,127.7558,broken clouds,87.08,79,75,11.5
347,Bay Roberts,CA,2022-07-08 02:28:45,47.5999,-53.2648,overcast clouds,56.34,86,100,5.99
348,Caravelas,BR,2022-07-08 02:28:46,-17.7125,-39.2481,overcast clouds,69.93,92,99,5.46
349,Poya,NC,2022-07-08 02:28:46,-21.35,165.15,clear sky,83.46,61,1,2.26
350,Linxi,CN,2022-07-08 02:28:46,39.7,118.4333,clear sky,87.67,54,0,5.35
351,Cedar City,US,2022-07-08 02:28:47,37.6775,-113.0619,clear sky,81.57,10,0,12.66
352,Itabuna,BR,2022-07-08 02:28:47,-14.7856,-39.2803,few clouds,64.83,99,24,1.43
353,Cheyenne,US,2022-07-08 02:28:47,41.14,-104.8203,few clouds,69.94,59,20,8.01
354,Laguna De Duero,ES,2022-07-08 02:28:47,41.5815,-4.7233,clear sky,58.95,76,0,10.36
355,Santo Antonio Do Monte,BR,2022-07-08 02:28:48,-20.0872,-45.2936,clear sky,59.49,56,0,2.84
356,Mogadishu,SO,2022-07-08 02:28:48,2.0371,45.3438,overcast clouds,75.76,78,85,18.9
357,Veraval,IN,2022-07-08 02:28:48,20.9,70.3667,overcast clouds,82.4,84,100,20.62
358,Vila Velha,BR,2022-07-08 02:28:49,-20.3297,-40.2925,scattered clouds,75.15,87,40,4.61
359,Boca Do Acre,BR,2022-07-08 02:28:49,-8.7522,-67.3978,broken clouds,77.72,74,69,1.28
360,San Quintin,MX,2022-07-08 02:28:49,30.4833,-115.95,clear sky,67.71,80,1,12.48
361,Kazerun,IR,2022-07-08 02:29:50,29.6195,51.6541,clear sky,81.97,28,2,0.38
362,Decatur,US,2022-07-08 02:26:53,39.8403,-88.9548,overcast clouds,76.87,93,99,1.7
363,Lewes,GB,2022-07-08 02:29:50,50.8736,0.0113,clear sky,59.67,91,1,0.58
364,Luau,AO,2022-07-08 02:29:50,-10.7073,22.2247,clear sky,54.32,51,0,4.74
365,Eyl,SO,2022-07-08 02:29:51,7.9803,49.8164,broken clouds,77.16,62,52,27.6
366,Chokurdakh,RU,2022-07-08 02:29:51,70.6333,147.9167,light rain,51.51,70,100,8.46
367,San Cristobal,VE,2022-07-08 02:29:51,7.7669,-72.225,broken clouds,73.58,97,60,4.07
368,Huarmey,PE,2022-07-08 02:29:51,-10.0681,-78.1522,clear sky,62.76,84,1,6.78
369,Pontianak,ID,2022-07-08 02:29:52,-0.0333,109.3333,scattered clouds,83.43,76,28,4.34
370,Takoradi,GH,2022-07-08 02:29:52,4.8845,-1.7554,overcast clouds,75.15,88,100,9.44
371,Robertsport,LR,2022-07-08 02:29:52,6.7533,-11.3686,light rain,77.86,82,91,10.69
372,Puerto Leguizamo,CO,2022-07-08 02:29:53,-0.1934,-74.7819,light rain,72.21,96,100,3.24
373,Batemans Bay,AU,2022-07-08 02:29:53,-35.7167,150.1833,clear sky,56.1,39,2,8.48
374,Nanortalik,GL,2022-07-08 02:25:06,60.1432,-45.2371,broken clouds,43.38,94,71,3.6
375,Fortuna,US,2022-07-08 02:29:53,40.5982,-124.1573,clear sky,65.93,79,0,1.99
376,Zhigalovo,RU,2022-07-08 02:29:54,54.8097,105.1578,overcast clouds,69.4,61,88,7.9
377,Pathein,MM,2022-07-08 02:29:54,16.7833,94.7333,overcast clouds,80.31,82,94,2.13
378,Severo-Yeniseyskiy,RU,2022-07-08 02:29:54,60.3725,93.0408,few clouds,62.94,56,12,6.46
379,Hammerfest,NO,2022-07-08 02:29:54,70.6634,23.6821,light intensity drizzle,52.25,76,20,3.44
380,Samarai,PG,2022-07-08 02:29:55,-10.6167,150.6667,overcast clouds,82.83,74,87,11.05
381,Luoyang,CN,2022-07-08 02:29:55,34.6836,112.4536,clear sky,91.71,38,0,4.12
382,San Andres,CO,2022-07-08 02:29:55,12.5847,-81.7006,scattered clouds,82.42,83,40,10.36
383,Khanpur,PK,2022-07-08 02:29:56,28.6453,70.6567,clear sky,92.93,53,1,4.97
384,Corner Brook,CA,2022-07-08 02:26:40,48.9667,-57.9484,scattered clouds,53.76,98,38,4.61
385,Sinnamary,GF,2022-07-08 02:29:56,5.3833,-52.95,clear sky,78.13,86,9,9.37
386,Kanbe,MM,2022-07-08 02:29:56,16.7053,96.0017,overcast clouds,82.45,87,87,2.08
387,Jinxiang,CN,2022-07-08 02:29:57,27.4327,120.6062,few clouds,86.49,74,11,6.13
388,Monte Alegre,BR,2022-07-08 02:29:57,-2.0078,-54.0692,scattered clouds,74.91,88,25,3.11
389,Bardiyah,LY,2022-07-08 02:29:57,31.7561,25.0865,clear sky,76.3,82,0,14.74
390,Labuhan,ID,2022-07-08 02:29:57,-6.8844,112.2051,clear sky,79.25,71,7,6.93
391,Asau,RO,2022-07-08 02:29:58,46.4333,26.4,broken clouds,56.95,94,73,4.5
392,Varhaug,NO,2022-07-08 02:29:58,58.6147,5.6457,overcast clouds,53.89,90,100,21.05
393,Maniwaki,CA,2022-07-08 02:29:58,46.3834,-75.966,overcast clouds,64.78,82,97,2.3
394,Aksarka,RU,2022-07-08 02:29:59,66.5606,67.7975,overcast clouds,67.12,72,99,2.93
395,Marsa Matruh,EG,2022-07-08 02:29:59,31.3525,27.2453,clear sky,76.93,79,0,12.15
396,Lalmohan,BD,2022-07-08 02:29:59,22.3384,90.7419,light rain,84.72,76,84,15.55
397,Pevek,RU,2022-07-08 02:25:00,69.7008,170.3133,overcast clouds,41.38,74,98,7.29
398,Sorokino,RU,2022-07-08 02:29:59,53.75,84.9167,broken clouds,65.66,79,82,4.43
399,Biltine,TD,2022-07-08 02:30:00,14.5333,20.9167,broken clouds,85.71,42,77,3.98
400,Mareeba,AU,2022-07-08 02:30:00,-17.0,145.4333,clear sky,75.67,62,0,3.44
401,Birao,CF,2022-07-08 02:30:00,10.2849,22.7882,overcast clouds,73.36,91,90,7.81
402,Gnjilane,XK,2022-07-08 02:30:01,42.4604,21.4699,few clouds,58.59,79,12,3.85
403,Kenai,US,2022-07-08 02:30:01,60.5544,-151.2583,broken clouds,65.03,79,75,13.8
404,Sao Jose Da Coroa Grande,BR,2022-07-08 02:30:01,-8.8978,-35.1478,scattered clouds,74.05,87,32,7.92
405,Troitsko-Pechorsk,RU,2022-07-08 02:30:02,62.7084,56.1964,broken clouds,73.38,63,84,6.89
406,Kamenka,RU,2022-07-08 02:30:02,51.3223,42.7678,overcast clouds,65.84,63,95,4.65
407,Canarana,BR,2022-07-08 02:31:03,-11.6847,-41.7689,scattered clouds,62.91,74,31,6.64
408,Bar Harbor,US,2022-07-08 02:31:03,44.3876,-68.2039,few clouds,62.65,85,20,9.22
409,Yasnyy,RU,2022-07-08 02:31:03,51.0333,59.8742,broken clouds,61.81,85,77,9.57
410,Nantucket,US,2022-07-08 02:30:51,41.2835,-70.0995,clear sky,68.11,88,0,9.22
411,Kibala,TD,2022-07-08 02:31:04,9.1104,18.3463,thunderstorm,75.15,78,20,3.44
412,Ada,US,2022-07-08 02:31:04,43.4166,-116.1262,clear sky,92.55,24,0,9.22
413,Turukhansk,RU,2022-07-08 02:31:05,65.8167,87.9833,overcast clouds,61.92,50,86,6.31
414,Saint Paul,US,2022-07-08 02:28:35,44.9444,-93.0933,few clouds,81.01,85,20,3.44
415,Coihaique,CL,2022-07-08 02:31:05,-45.5752,-72.0662,fog,31.95,100,100,2.3
416,Jiuquan,CN,2022-07-08 02:31:06,39.7432,98.5174,clear sky,81.9,11,10,7.74
417,La Cruz,MX,2022-07-08 02:31:06,23.9167,-106.9,overcast clouds,81.68,77,100,2.37
418,Nenjiang,CN,2022-07-08 02:31:06,49.1833,125.2167,broken clouds,80.73,65,83,8.34
419,Parabel,RU,2022-07-08 02:31:07,58.6978,81.4825,scattered clouds,70.3,62,31,7.72
420,Neiafu,TO,2022-07-08 02:31:07,-18.65,-173.9833,scattered clouds,79.48,65,40,11.5
421,Fasa,IR,2022-07-08 02:31:07,28.9383,53.6482,clear sky,76.24,53,3,0.0
422,Fairbanks,US,2022-07-08 02:31:07,64.8378,-147.7164,smoke,81.61,36,0,5.75
423,Neyshabur,IR,2022-07-08 02:31:08,36.2133,58.7958,clear sky,72.54,24,0,2.01
424,Shache,CN,2022-07-08 02:31:09,38.4167,77.2406,clear sky,83.43,24,3,8.79
425,Kabinda,CD,2022-07-08 02:31:09,-6.1333,24.4833,scattered clouds,61.77,44,36,5.37
426,Niltepec,MX,2022-07-08 02:31:09,16.5667,-94.6167,overcast clouds,77.95,87,100,5.66
427,Mariental,NA,2022-07-08 02:31:10,-24.6333,17.9667,clear sky,52.9,33,0,8.99
428,Russell,US,2022-07-08 02:31:10,32.3502,-85.1999,scattered clouds,87.4,78,40,3.44
429,Poli,TZ,2022-07-08 02:31:10,-3.3333,36.8,overcast clouds,53.89,92,100,3.53
430,Clifton,US,2022-07-08 02:30:03,40.8584,-74.1638,clear sky,72.84,77,0,6.91
431,Brae,GB,2022-07-08 02:31:11,60.3964,-1.353,overcast clouds,52.23,89,99,16.46
432,Naze,JP,2022-07-08 02:31:11,28.3667,129.4833,overcast clouds,83.32,77,99,10.67
433,Gamba,GA,2022-07-08 02:31:11,-2.65,10.0,broken clouds,68.72,95,57,4.09
434,Ca Mau,VN,2022-07-08 02:30:12,9.1769,105.15,overcast clouds,83.44,79,99,7.02
435,Waddan,LY,2022-07-08 02:31:12,29.1614,16.139,clear sky,79.65,40,0,5.01
436,Kruisfontein,ZA,2022-07-08 02:31:12,-34.0033,24.7314,clear sky,49.96,83,0,4.61
437,Lufilufi,WS,2022-07-08 02:31:12,-13.8745,-171.5986,moderate rain,85.78,82,28,18.63
438,Kalino,RU,2022-07-08 02:31:13,58.2504,57.6085,scattered clouds,68.09,72,46,2.75
439,Kashan,IR,2022-07-08 02:31:13,33.9831,51.4364,clear sky,78.39,27,0,0.0
440,Tessalit,ML,2022-07-08 02:31:13,20.1986,1.0114,clear sky,89.35,15,4,9.89
441,Imeni Morozova,RU,2022-07-08 02:31:13,59.9757,31.0376,few clouds,59.92,1,13,7.31
442,Vryburg,ZA,2022-07-08 02:31:14,-26.9566,24.7284,clear sky,45.25,28,0,3.51
443,Narsaq,GL,2022-07-08 02:31:14,60.9167,-46.05,few clouds,44.82,87,18,2.75
444,Alta Floresta,BR,2022-07-08 02:31:15,-9.8756,-56.0861,broken clouds,75.09,53,56,3.47
445,Sucua,EC,2022-07-08 02:31:15,-2.4667,-78.1667,light rain,66.16,98,78,3.18
446,Camacupa,AO,2022-07-08 02:31:16,-12.0167,17.4833,clear sky,50.77,54,2,4.05
447,Barvinkove,UA,2022-07-08 02:31:16,48.9097,37.0205,clear sky,66.7,50,5,4.88
448,Aberdeen,GB,2022-07-08 02:30:03,57.1437,-2.0981,scattered clouds,61.48,81,44,6.91
449,Chumikan,RU,2022-07-08 02:31:16,54.7183,135.315,overcast clouds,79.34,44,97,12.17
450,Qaqortoq,GL,2022-07-08 02:31:17,60.7167,-46.0333,scattered clouds,42.06,98,39,3.18
451,Linhares,BR,2022-07-08 02:31:08,-19.3911,-40.0722,broken clouds,68.05,88,70,0.67
452,Rocha,UY,2022-07-08 02:32:18,-34.4833,-54.3333,clear sky,42.08,52,0,5.35
453,Manta,EC,2022-07-08 02:32:18,-0.95,-80.7333,broken clouds,71.38,83,75,5.75
454,Palora,EC,2022-07-08 02:32:18,-1.7,-77.9333,light rain,64.04,97,76,2.73
455,Hengyang,CN,2022-07-08 02:32:19,26.8881,112.615,overcast clouds,85.75,75,89,6.06
456,San Pedro,PH,2022-07-08 02:32:19,14.35,121.0167,moderate rain,84.31,79,75,3.44
457,Ancud,CL,2022-07-08 02:32:19,-41.8697,-73.8203,overcast clouds,49.23,87,100,17.69
458,Beloha,MG,2022-07-08 02:32:20,-25.1667,45.05,clear sky,59.97,83,0,6.89
459,Bonthe,SL,2022-07-08 02:32:20,7.5264,-12.505,light rain,75.79,89,77,5.1
460,Borogontsy,RU,2022-07-08 02:32:20,62.6683,131.1683,light rain,55.24,93,100,11.95
461,Salinopolis,BR,2022-07-08 02:32:21,-0.6136,-47.3561,overcast clouds,78.01,87,100,15.17
462,Yuzhou,CN,2022-07-08 02:32:21,34.1628,113.4639,clear sky,93.24,51,0,12.19
463,Masterton,NZ,2022-07-08 02:32:21,-40.9597,175.6575,light rain,59.88,92,100,6.91
464,Lakes Entrance,AU,2022-07-08 02:32:21,-37.8811,147.981,light rain,55.17,78,99,20.2
465,Natal,BR,2022-07-08 02:32:22,-5.795,-35.2094,scattered clouds,75.42,94,40,9.22
466,Mchinji,MW,2022-07-08 02:32:22,-13.7984,32.8802,clear sky,52.75,79,2,3.47
467,Orange,US,2022-07-08 02:27:26,33.7,-117.7675,few clouds,84.54,76,20,8.05
468,Manado,ID,2022-07-08 02:32:22,1.487,124.8455,moderate rain,83.17,78,40,1.14
469,Puro,PH,2022-07-08 02:32:23,12.4841,123.3827,overcast clouds,84.33,73,100,1.9
470,Milkovo,RU,2022-07-08 02:32:23,54.7167,158.6167,overcast clouds,84.72,51,92,3.13
471,Sohag,EG,2022-07-08 02:32:24,26.557,31.6948,clear sky,77.29,21,6,7.85
472,Makakilo City,US,2022-07-08 02:32:24,21.3469,-158.0858,light intensity drizzle,82.72,63,75,16.11
473,Trairi,BR,2022-07-08 02:32:01,-3.2778,-39.2689,overcast clouds,74.84,89,100,8.75
474,Orsha,BY,2022-07-08 02:32:24,54.5153,30.4053,scattered clouds,53.89,87,42,2.48
475,Yarim,YE,2022-07-08 02:32:24,14.298,44.3779,overcast clouds,61.48,45,97,7.72
476,Xining,CN,2022-07-08 02:32:25,36.6167,101.7667,scattered clouds,75.47,36,36,3.74
477,Mitsamiouli,KM,2022-07-08 02:32:25,-11.3847,43.2844,clear sky,75.49,69,0,14.32
478,Gizo,SB,2022-07-08 02:32:26,-8.103,156.8419,broken clouds,84.94,63,61,6.33
479,Mimongo,GA,2022-07-08 02:32:26,-1.6195,11.6068,broken clouds,65.57,99,56,2.17
480,Alyangula,AU,2022-07-08 02:32:26,-13.8483,136.4192,clear sky,74.59,57,9,11.99
481,Hobyo,SO,2022-07-08 02:32:27,5.3505,48.5268,scattered clouds,75.22,76,33,23.33
482,Konstantinovka,RU,2022-07-08 02:32:27,49.6167,127.9833,broken clouds,80.89,71,51,6.78
483,Gravdal,NO,2022-07-08 02:32:27,68.1214,13.5031,overcast clouds,49.03,78,99,14.32
484,Kuandian,CN,2022-07-08 02:32:28,40.7286,124.7847,broken clouds,80.71,83,76,4.63
485,Omboue,GA,2022-07-08 02:32:28,-1.5746,9.2618,scattered clouds,69.8,93,31,5.97
486,Port Hawkesbury,CA,2022-07-08 02:32:28,45.6169,-61.3485,clear sky,55.04,92,0,1.01
487,Buraydah,SA,2022-07-08 02:29:42,26.326,43.975,scattered clouds,82.85,18,25,9.53
488,Septemvri,BG,2022-07-08 02:32:29,42.2167,24.1,clear sky,61.63,85,0,3.65
489,Burriana,ES,2022-07-08 02:32:29,39.889,-0.085,clear sky,74.7,71,0,4.16
490,Comodoro Rivadavia,AR,2022-07-08 02:28:29,-45.8667,-67.5,clear sky,39.06,65,0,2.3
491,Dumai,ID,2022-07-08 02:32:29,1.6833,101.45,scattered clouds,88.07,58,48,3.58
492,Prieska,ZA,2022-07-08 02:32:30,-29.6641,22.7474,clear sky,49.5,33,0,4.29
493,Broken Hill,AU,2022-07-08 02:32:30,-31.95,141.4333,broken clouds,53.2,48,80,16.96
494,Milford,US,2022-07-08 02:32:04,41.2223,-73.0565,clear sky,70.77,83,0,5.75
495,Pangnirtung,CA,2022-07-08 02:32:30,66.1451,-65.7125,overcast clouds,48.43,68,100,1.39
496,Humaita,BR,2022-07-08 02:32:31,-7.5061,-63.0208,broken clouds,77.34,57,70,2.82
497,Back Mountain,US,2022-07-08 02:32:31,41.3359,-75.9963,scattered clouds,73.53,90,42,2.15
498,Sault Sainte Marie,CA,2022-07-08 02:31:51,46.5168,-84.3333,clear sky,63.16,84,0,5.75
499,Tiksi,RU,2022-07-08 02:33:31,71.6872,128.8694,overcast clouds,39.87,63,100,6.71
500,Suntar,RU,2022-07-08 02:33:31,62.1444,117.6319,broken clouds,69.04,40,58,9.8
501,Portland,US,2022-07-08 02:30:01,45.5234,-122.6762,scattered clouds,78.42,58,40,9.22
502,Ondarroa,ES,2022-07-08 02:33:32,43.3167,-2.4167,scattered clouds,64.8,89,47,3.8
503,Bijawar,IN,2022-07-08 02:32:49,24.6333,79.5,clear sky,88.56,58,6,5.39
504,Santa Cruz De La Palma,ES,2022-07-08 02:33:32,28.6835,-17.7642,few clouds,68.14,77,20,13.8
505,Bassano,CA,2022-07-08 02:33:32,50.7834,-112.4685,scattered clouds,76.23,73,50,17.74
506,Takaka,NZ,2022-07-08 02:33:33,-40.85,172.8,overcast clouds,53.56,94,95,1.72
507,Valdivia,CL,2022-07-08 02:28:59,-39.8142,-73.2459,broken clouds,44.69,98,76,2.15
508,Raudeberg,NO,2022-07-08 02:33:33,61.9875,5.1352,overcast clouds,50.95,85,100,19.86
509,Presidente Epitacio,BR,2022-07-08 02:33:33,-21.7633,-52.1156,clear sky,67.82,39,6,5.75
510,Carnduff,CA,2022-07-08 02:33:34,49.1667,-101.8009,overcast clouds,63.37,79,91,10.11
511,Sydney Mines,CA,2022-07-08 02:33:35,46.2367,-60.2177,scattered clouds,57.69,82,40,6.91
512,Panacan,PH,2022-07-08 02:33:35,9.2463,118.4082,light rain,83.55,74,100,0.69
513,Mandalgovi,MN,2022-07-08 02:33:35,45.7625,106.2708,clear sky,64.83,44,0,11.48
514,Smoky Lake,CA,2022-07-08 02:33:35,54.1169,-112.4686,overcast clouds,68.16,94,94,6.91
515,Bima,ID,2022-07-08 02:33:36,-8.4667,118.7167,few clouds,84.72,53,13,6.82
516,Orlik,RU,2022-07-08 02:33:36,52.5178,99.825,light rain,61.63,52,65,4.52
517,Shirochanka,RU,2022-07-08 02:33:36,46.6497,38.3978,clear sky,69.44,43,0,8.84
518,Ushtobe,KZ,2022-07-08 02:33:37,45.2514,77.9838,clear sky,78.51,29,4,9.78
519,Merauke,ID,2022-07-08 02:33:37,-8.4667,140.3333,overcast clouds,80.49,81,98,14.67
520,Barcelos,PT,2022-07-08 02:33:37,41.5388,-8.6151,clear sky,77.14,42,0,7.34
521,Tripoli,LY,2022-07-08 02:28:38,32.8752,13.1875,clear sky,82.13,56,4,8.68
522,Roccapiemonte,IT,2022-07-08 02:33:38,40.7607,14.6926,light rain,77.38,76,16,8.55
523,Ostrovnoy,RU,2022-07-08 02:33:38,68.0531,39.5131,overcast clouds,59.58,73,100,9.51
524,Nieuw Amsterdam,SR,2022-07-08 02:33:38,5.8833,-55.0833,few clouds,79.02,88,23,8.16
525,Namuac,PH,2022-07-08 02:33:38,18.6109,121.1657,overcast clouds,87.53,67,94,12.33
526,Kondinskoye,RU,2022-07-08 02:33:39,59.6481,67.41,clear sky,70.27,53,0,3.4
527,Normandin,CA,2022-07-08 02:33:39,48.8333,-72.5321,overcast clouds,61.11,72,100,6.91
528,Teknaf,BD,2022-07-08 02:33:39,20.8624,92.3058,clear sky,84.69,73,10,10.56
529,Jalu,LY,2022-07-08 02:33:40,29.0331,21.5482,clear sky,80.2,49,0,8.7
530,Manzanillo,CU,2022-07-08 02:33:40,20.3433,-77.1167,scattered clouds,76.01,87,35,4.7
531,Javanrud,IR,2022-07-08 02:33:40,34.7961,46.5172,clear sky,74.39,30,0,2.89
532,Neosho,US,2022-07-08 02:33:40,36.869,-94.368,broken clouds,89.38,58,82,8.55
533,Mount Isa,AU,2022-07-08 02:33:41,-20.7333,139.5,clear sky,69.57,32,0,12.66
534,Tapilon,PH,2022-07-08 02:33:41,11.2774,124.0306,overcast clouds,83.84,74,100,5.35
535,Dawlatabad,AF,2022-07-08 02:33:41,36.4141,64.9053,clear sky,78.15,23,0,4.36
536,Woodstock,CA,2022-07-08 02:33:42,43.1334,-80.7497,overcast clouds,67.42,77,100,2.82
537,Lorengau,PG,2022-07-08 02:31:32,-2.0226,147.2712,overcast clouds,82.24,77,88,13.04
538,Isaccea,RO,2022-07-08 02:33:43,45.2667,28.4667,scattered clouds,64.89,72,43,11.25
539,Mancio Lima,BR,2022-07-08 02:33:43,-7.6142,-72.8958,clear sky,72.45,95,8,2.06
540,Sioux Lookout,CA,2022-07-08 02:33:43,50.1001,-91.917,scattered clouds,62.67,72,40,2.3
541,Concarneau,FR,2022-07-08 02:33:43,47.875,-3.9225,clear sky,57.49,88,0,10.2
542,Tomatlan,MX,2022-07-08 02:32:06,19.9333,-105.25,overcast clouds,78.6,91,96,1.23
543,Yining,CN,2022-07-08 02:33:44,29.0361,114.5636,few clouds,90.79,59,20,5.75
544,Agadir,MA,2022-07-08 02:33:44,30.4202,-9.5982,clear sky,72.05,54,10,2.66
545,Vardo,NO,2022-07-08 02:33:44,70.3705,31.1107,light intensity shower rain,53.58,87,100,4.61
546,Itabirito,BR,2022-07-08 02:33:45,-20.2533,-43.8014,clear sky,58.17,73,6,2.59
547,Sarakhs,IR,2022-07-08 02:33:45,36.5449,61.1577,clear sky,69.94,35,0,0.0
548,Onguday,RU,2022-07-08 02:34:45,50.75,86.15,overcast clouds,65.07,61,100,1.63
549,Kelamangalam,IN,2022-07-08 02:34:45,12.6,77.85,overcast clouds,70.93,88,100,18.12
550,Butembo,CD,2022-07-08 02:34:46,0.15,29.2833,scattered clouds,57.18,82,43,2.59
551,Imbituba,BR,2022-07-08 02:31:12,-28.24,-48.6703,broken clouds,66.09,81,59,8.39
552,Smithers,CA,2022-07-08 02:30:10,54.7804,-127.1743,light intensity shower rain,61.12,77,75,2.3
553,Qasigiannguit,GL,2022-07-08 02:34:47,68.8193,-51.1922,overcast clouds,46.65,95,100,4.38
554,Shanhetun,CN,2022-07-08 02:34:47,44.7,127.2,overcast clouds,75.87,86,96,10.07
555,Bowen,AU,2022-07-08 02:34:47,-20.0167,148.2333,clear sky,68.68,55,0,5.75
556,Jambi,ID,2022-07-08 02:34:48,-1.6,103.6167,moderate rain,80.08,84,100,3.91
557,Arroyo,ES,2022-07-08 02:34:48,41.6096,-4.7969,clear sky,59.14,76,0,10.36
558,Beyneu,KZ,2022-07-08 02:34:48,45.3167,55.2,clear sky,76.64,37,0,4.94
559,Zyryanka,RU,2022-07-08 02:34:49,65.75,150.85,clear sky,85.78,43,4,6.85
560,Alugan,PH,2022-07-08 02:34:49,12.2188,125.4808,overcast clouds,84.94,69,100,4.83
561,Dafeng,CN,2022-07-08 02:34:49,23.4517,108.5881,overcast clouds,84.09,81,100,7.4
562,Tandil,AR,2022-07-08 02:30:13,-37.3217,-59.1332,scattered clouds,37.69,46,27,6.35
563,Guiratinga,BR,2022-07-08 02:34:49,-16.3494,-53.7583,clear sky,67.32,44,0,4.52
564,Manoel Urbano,BR,2022-07-08 02:34:50,-8.8389,-69.2597,broken clouds,75.27,84,77,1.48
565,Portree,GB,2022-07-08 02:34:50,57.4129,-6.1942,overcast clouds,54.52,98,100,6.58
566,Doume,CM,2022-07-08 02:34:50,4.2333,13.45,overcast clouds,65.43,99,100,2.62
567,Mackay,AU,2022-07-08 02:34:51,-21.15,149.2,clear sky,74.68,65,0,11.72
568,Cayenne,GF,2022-07-08 02:34:52,4.9333,-52.3333,broken clouds,82.09,1,75,0.0
569,Tari,NG,2022-07-08 02:34:52,12.4086,4.4914,few clouds,80.92,56,15,7.7
570,Sosnovka,RU,2022-07-08 02:34:52,56.255,51.2842,clear sky,67.42,83,0,4.38
571,Kota Belud,MY,2022-07-08 02:34:52,6.351,116.4305,light rain,87.94,58,63,6.67
572,Gat,IL,2022-07-08 02:34:53,31.61,34.7642,clear sky,77.4,75,0,2.15
573,Rio Gallegos,AR,2022-07-08 02:34:53,-51.6226,-69.2181,clear sky,15.85,100,0,3.44
574,Tommot,RU,2022-07-08 02:34:53,58.9564,126.2925,light rain,68.05,60,63,11.88
575,Chimore,BO,2022-07-08 02:34:54,-16.9833,-65.1333,overcast clouds,76.03,72,100,1.41
576,Waipawa,NZ,2022-07-08 02:34:54,-41.4122,175.5153,overcast clouds,53.11,92,100,7.11
577,Antigonish,CA,2022-07-08 02:30:58,45.6169,-61.9986,overcast clouds,59.83,87,100,6.44
578,Praia,CV,2022-07-08 02:34:54,14.9215,-23.5087,broken clouds,75.74,73,75,10.36
579,Tambacounda,SN,2022-07-08 02:34:54,13.7539,-13.7586,moderate rain,80.31,80,100,3.36
580,El Sauzal,MX,2022-07-08 02:34:55,31.9,-116.6833,few clouds,64.74,86,19,4.72
581,Mehriz,IR,2022-07-08 02:34:55,31.5917,54.4318,few clouds,79.3,19,17,1.36
582,Pudozh,RU,2022-07-08 02:34:55,61.8099,36.5345,few clouds,58.03,82,12,8.21
583,Gurlan,UZ,2022-07-08 02:34:56,41.8447,60.3919,scattered clouds,69.71,30,28,6.73
584,Fukue,JP,2022-07-08 02:34:56,32.6881,128.8419,broken clouds,84.56,94,75,10.36
585,Tiznit,MA,2022-07-08 02:34:56,29.5833,-9.5,scattered clouds,84.29,29,31,3.4
586,Rojhan,PK,2022-07-08 02:34:57,28.6868,69.9534,clear sky,95.59,51,0,3.06
587,Kismayo,SO,2022-07-08 02:34:57,-0.3582,42.5454,scattered clouds,75.4,77,42,18.01
588,Jacareacanga,BR,2022-07-08 02:34:57,-6.2222,-57.7528,overcast clouds,78.37,67,98,2.06
589,Yola,NG,2022-07-08 02:34:57,9.2,12.4833,few clouds,75.02,84,22,3.22
590,Zyryanovsk,KZ,2022-07-08 02:34:58,49.7386,84.2719,overcast clouds,61.86,81,100,2.98
591,Savannakhet,LA,2022-07-08 02:34:58,16.566,104.751,moderate rain,80.78,87,100,7.92
592,Conde,BR,2022-07-08 02:34:59,-7.2597,-34.9075,moderate rain,72.86,100,100,5.75
593,Flinders,AU,2022-07-08 02:32:43,-34.5833,150.8552,clear sky,60.06,61,0,11.99
594,Camana,PE,2022-07-08 02:34:59,-16.6228,-72.7111,few clouds,60.08,87,14,0.78
595,Sobolevo,RU,2022-07-08 02:35:00,54.4299,31.8996,overcast clouds,55.87,87,93,0.74
596,Berlevag,NO,2022-07-08 02:36:00,70.8578,29.0864,overcast clouds,57.2,87,100,3.44
597,Altagracia De Orituco,VE,2022-07-08 02:36:00,9.8601,-66.3814,broken clouds,70.41,95,71,4.07
598,Quelimane,MZ,2022-07-08 02:36:01,-17.8786,36.8883,clear sky,64.35,88,0,0.0
599,Houma,US,2022-07-08 02:36:01,29.5958,-90.7195,clear sky,82.99,88,0,0.0
600,Nizwa,OM,2022-07-08 02:36:01,22.9333,57.5333,light rain,79.0,86,98,4.68
601,Hudson Bay,CA,2022-07-08 02:36:01,52.85,-102.3842,few clouds,60.94,78,24,4.56
602,Fulton,US,2022-07-08 02:32:05,33.7668,-84.4499,clear sky,82.06,77,0,5.75
603,Vanino,RU,2022-07-08 02:36:02,49.0869,140.2543,broken clouds,77.77,62,64,6.96
604,Bairiki,KI,2022-07-08 02:36:02,1.3292,172.9752,few clouds,84.2,79,20,11.5
605,Timbauba,BR,2022-07-08 02:36:02,-7.5053,-35.3183,overcast clouds,71.26,94,92,7.74
606,Batagay,RU,2022-07-08 02:36:03,67.6333,134.6333,overcast clouds,50.13,94,100,9.1
607,Bilibino,RU,2022-07-08 02:36:03,68.0546,166.4372,overcast clouds,60.93,62,100,3.44
608,Buta,CD,2022-07-08 02:36:03,2.7858,24.73,broken clouds,68.13,95,68,0.87
609,Mangaratiba,BR,2022-07-08 02:36:04,-22.9597,-44.0406,broken clouds,61.66,62,62,5.35
610,Libenge,CD,2022-07-08 02:36:04,3.65,18.6333,overcast clouds,71.1,86,92,2.66
611,Algodones,MX,2022-07-08 02:36:04,20.3888,-105.4773,broken clouds,77.54,87,73,4.54
612,Yakeshi,CN,2022-07-08 02:36:05,49.2833,120.7333,broken clouds,74.91,61,71,12.17
613,Chippewa Falls,US,2022-07-08 02:36:05,44.9369,-91.3929,clear sky,83.17,79,0,0.0
614,Beberibe,BR,2022-07-08 02:36:05,-4.1797,-38.1306,overcast clouds,75.63,86,85,10.74
615,Kavaratti,IN,2022-07-08 02:36:06,10.5669,72.642,overcast clouds,81.48,81,100,17.47
616,Miracema Do Tocantins,BR,2022-07-08 02:36:06,-9.5618,-48.3967,scattered clouds,77.97,42,41,2.01
617,Bunia,CD,2022-07-08 02:36:06,1.5667,30.25,light rain,63.84,86,97,1.07
618,Eenhana,NA,2022-07-08 02:33:29,-17.4667,16.3333,clear sky,53.56,47,0,7.4
619,Dwarka,IN,2022-07-08 02:36:07,22.2394,68.9678,heavy intensity rain,83.28,83,100,23.29
620,Santo Tomas,PH,2022-07-08 02:36:07,14.1079,121.1414,moderate rain,84.56,76,100,3.58
621,Charters Towers,AU,2022-07-08 02:36:07,-20.1,146.2667,clear sky,69.22,47,0,8.3
622,Khani,GE,2022-07-08 02:36:07,41.9563,42.9566,clear sky,56.77,75,0,2.82
623,Krasnosilka,UA,2022-07-08 02:36:08,46.6226,30.7742,scattered clouds,66.13,78,41,13.24
624,Fairview,US,2022-07-08 02:36:08,40.8126,-73.999,clear sky,72.63,75,0,8.05
625,Raymondville,US,2022-07-08 02:36:08,26.4815,-97.7831,clear sky,86.11,70,0,14.67
626,Bam,IR,2022-07-08 02:36:09,29.106,58.357,scattered clouds,89.91,14,50,1.34
627,Jiazi,CN,2022-07-08 02:36:09,22.8779,116.067,few clouds,85.55,75,20,7.92
628,Shenjiamen,CN,2022-07-08 02:36:09,29.9576,122.298,few clouds,83.5,80,20,4.99
629,Santa Fe,AR,2022-07-08 02:36:09,-31.6333,-60.7,light rain,49.98,46,0,1.01
630,San Vicente,AR,2022-07-08 02:36:10,-26.6167,-54.1333,overcast clouds,58.28,87,91,3.04
631,Sur,OM,2022-07-08 02:36:11,22.5667,59.5289,overcast clouds,83.64,81,98,8.9
632,Tarrega,ES,2022-07-08 02:36:11,41.647,1.1396,clear sky,64.47,63,0,2.59
633,Loma Bonita,PA,2022-07-08 02:36:11,8.3833,-80.1667,overcast clouds,82.78,86,100,12.08
634,Wamba,NG,2022-07-08 02:36:12,8.9333,8.6,overcast clouds,71.51,92,100,0.85
635,Virginia Beach,US,2022-07-08 02:34:02,36.8529,-75.978,overcast clouds,80.06,87,100,5.01
636,Cam Ranh,VN,2022-07-08 02:36:12,11.9214,109.1591,light rain,87.76,58,20,8.05
637,Aklavik,CA,2022-07-08 02:36:12,68.2191,-135.0107,few clouds,88.25,25,19,11.54
638,Onega,RU,2022-07-08 02:36:13,63.9061,38.1404,scattered clouds,58.37,89,47,9.19
639,Prescott,US,2022-07-08 02:36:13,34.54,-112.4685,clear sky,86.16,20,0,9.22
640,Jumla,NP,2022-07-08 02:36:13,29.2747,82.1838,broken clouds,68.54,81,80,3.49
641,Quatre Cocos,MU,2022-07-08 02:36:13,-20.2078,57.7625,overcast clouds,69.91,59,94,20.18
642,Jos,NG,2022-07-08 02:36:14,9.9167,8.9,broken clouds,65.43,86,83,3.65
643,Bayir,TR,2022-07-08 02:36:15,37.2687,28.2167,clear sky,61.32,53,0,4.7
644,Blackwater,AU,2022-07-08 02:37:15,-23.5833,148.8833,clear sky,66.87,45,0,8.68
645,Diban,SY,2022-07-08 02:37:15,35.0365,40.5167,clear sky,82.71,34,2,10.36
646,Nurota,UZ,2022-07-08 02:37:16,40.5614,65.6886,clear sky,74.8,23,0,11.32
647,Taoudenni,ML,2022-07-08 02:36:53,22.6783,-3.9836,clear sky,97.75,17,1,2.37
648,Wewak,PG,2022-07-08 02:37:16,-3.5534,143.6268,overcast clouds,83.86,72,100,5.88
649,Buchanan,LR,2022-07-08 02:37:16,5.8808,-10.0467,overcast clouds,76.35,82,94,7.78
650,Horta,PT,2022-07-08 02:37:17,38.5333,-28.6333,broken clouds,66.56,80,58,11.61
651,Conceicao Da Barra,BR,2022-07-08 02:37:17,-18.5933,-39.7322,overcast clouds,73.0,79,97,6.91
652,Dzhebariki-Khaya,RU,2022-07-08 02:37:17,62.2167,135.8,overcast clouds,68.23,52,86,14.85
653,Tautira,PF,2022-07-08 02:32:53,-17.7333,-149.15,clear sky,78.26,72,3,7.07
654,Markova,UA,2022-07-08 02:37:18,48.6758,24.4138,few clouds,52.59,86,14,3.6
655,Aojiang,CN,2022-07-08 02:37:18,22.9421,116.0359,scattered clouds,87.01,71,25,6.87
656,Dharchula,IN,2022-07-08 02:37:18,29.85,80.5333,broken clouds,78.6,83,74,3.13
657,Auki,SB,2022-07-08 02:37:19,-8.7676,160.7034,broken clouds,85.44,63,69,3.56
658,San Miguel,SV,2022-07-08 02:34:18,13.4833,-88.1833,few clouds,82.06,83,20,4.61
659,Puerto Lopez,CO,2022-07-08 02:37:19,4.0845,-72.956,broken clouds,72.55,96,78,1.54
660,Matagami,CA,2022-07-08 02:37:19,49.7502,-77.6328,overcast clouds,55.51,94,100,2.3
661,Banda Aceh,ID,2022-07-08 02:37:20,5.5577,95.3222,broken clouds,86.38,61,81,14.23
662,Bend,US,2022-07-08 02:37:20,44.0582,-121.3153,scattered clouds,72.07,54,46,5.99
663,Meadow Lake,US,2022-07-08 02:37:20,34.8014,-106.5436,clear sky,88.12,31,7,5.28
664,Emba,KZ,2022-07-08 02:37:21,48.8264,58.1442,clear sky,66.34,53,1,8.28
